{
  "Main": {
    "a": 1.0,
    "r": 0.6,
    "g": 0.596078455,
    "b": 0.6156863
  },
  "Second": {
    "a": 1.0,
    "r": 0.15719685,
    "g": 0.161,
    "b": 0.131842524
  },
  "Third": {
    "a": 1.0,
    "r": 0.61609447,
    "g": 0.631,
    "b": 0.5167244
  },
  "DecalA": {
    "a": 1.0,
    "r": 0.867,
    "g": 0.8588972,
    "b": 0.8102804
  },
  "DecalB": {
    "a": 1.0,
    "r": 0.8901961,
    "g": 0.20784314,
    "b": 0.1882353
  },
  "name": "System",
  "internalEnabled": true,
  "persistentID": 10
}