{
  "Main": {
    "a": 1.0,
    "r": 0.894117653,
    "g": 0.9098039,
    "b": 0.921568632
  },
  "Second": {
    "a": 0.5647059,
    "r": 0.26761955,
    "g": 0.51,
    "b": 0.24276
  },
  "Third": {
    "a": 1.0,
    "r": 0.692,
    "g": 0.261576,
    "b": 0.277818471
  },
  "DecalA": {
    "a": 1.0,
    "r": 0.804,
    "g": 0.275772065,
    "b": 0.6699114
  },
  "DecalB": {
    "a": 1.0,
    "r": 0.9372549,
    "g": 0.8988954,
    "b": 0.275552958
  },
  "name": "Facelift",
  "internalEnabled": true,
  "persistentID": 11
}