{
  "Main": {
    "a": 1.0,
    "r": 0.396078438,
    "g": 0.3647059,
    "b": 0.3529412
  },
  "Second": {
    "a": 1.0,
    "r": 0.279496044,
    "g": 0.456510156,
    "b": 0.713000059
  },
  "Third": {
    "a": 1.0,
    "r": 0.867,
    "g": 0.6599564,
    "b": 0.527135968
  },
  "DecalA": {
    "a": 1.0,
    "r": 0.831372559,
    "g": 0.279341161,
    "b": 0.295968533
  },
  "DecalB": {
    "a": 1.0,
    "r": 0.909000039,
    "g": 0.909000039,
    "b": 0.909000039
  },
  "name": "Yield",
  "internalEnabled": true,
  "persistentID": 12
}