{
  "Main": {
    "a": 1.0,
    "r": 0.9490196,
    "g": 0.9529412,
    "b": 0.921568632
  },
  "Second": {
    "a": 1.0,
    "r": 0.7529412,
    "g": 0.1254902,
    "b": 0.121568628
  },
  "Third": {
    "a": 1.0,
    "r": 0.453957975,
    "g": 0.6003049,
    "b": 0.706
  },
  "DecalA": {
    "a": 1.0,
    "r": 0.678000033,
    "g": 0.5783178,
    "b": 0.175602
  },
  "DecalB": {
    "a": 1.0,
    "r": 0.929411769,
    "g": 0.690366149,
    "b": 0.448905855
  },
  "name": "Pilots",
  "internalEnabled": true,
  "persistentID": 13
}