{
  "Main": {
    "a": 1.0,
    "r": 0.129411772,
    "g": 0.117647059,
    "b": 0.184313729
  },
  "Second": {
    "a": 1.0,
    "r": 0.172549024,
    "g": 0.254901975,
    "b": 0.5019608
  },
  "Third": {
    "a": 1.0,
    "r": 0.5507644,
    "g": 0.755,
    "b": 0.385804981
  },
  "DecalA": {
    "a": 1.0,
    "r": 0.769406,
    "g": 0.790569067,
    "b": 0.853000045
  },
  "DecalB": {
    "a": 1.0,
    "r": 0.972549,
    "g": 0.9607843,
    "b": 0.9529412
  },
  "name": "Fragile",
  "internalEnabled": true,
  "persistentID": 14
}