{
  "Main": {
    "a": 1.0,
    "r": 0.1254902,
    "g": 0.0117647061,
    "b": 0.152941182
  },
  "Second": {
    "a": 1.0,
    "r": 0.9764706,
    "g": 0.992156863,
    "b": 0.992156863
  },
  "Third": {
    "a": 0.627451,
    "r": 0.7435928,
    "g": 0.698402047,
    "b": 0.797
  },
  "DecalA": {
    "a": 1.0,
    "r": 0.699,
    "g": 0.6311519,
    "b": 0.32783103
  },
  "DecalB": {
    "a": 1.0,
    "r": 0.79,
    "g": 0.314453632,
    "b": 0.282030016
  },
  "name": "Motor",
  "internalEnabled": true,
  "persistentID": 15
}