{
  "Main": {
    "a": 1.0,
    "r": 0.9716981,
    "g": 0.9716981,
    "b": 0.9716981
  },
  "Second": {
    "a": 1.0,
    "r": 0.9716981,
    "g": 0.789481342,
    "b": 0.142087922
  },
  "Third": {
    "a": 1.0,
    "r": 0.04705883,
    "g": 0.04705883,
    "b": 0.0274509825
  },
  "DecalA": {
    "a": 1.0,
    "r": 0.3137255,
    "g": 0.309803933,
    "b": 0.3019608
  },
  "DecalB": {
    "a": 1.0,
    "r": 0.9725491,
    "g": 0.9725491,
    "b": 0.9725491
  },
  "name": "TigerColors",
  "internalEnabled": true,
  "persistentID": 1
}