{
  "Main": {
    "a": 1.0,
    "r": 0.3537736,
    "g": 0.62200284,
    "b": 1.0
  },
  "Second": {
    "a": 1.0,
    "r": 1.0,
    "g": 1.0,
    "b": 1.0
  },
  "Third": {
    "a": 1.0,
    "r": 0.196911722,
    "g": 0.334293872,
    "b": 0.7075472
  },
  "DecalA": {
    "a": 1.0,
    "r": 0.0,
    "g": 0.0,
    "b": 0.0
  },
  "DecalB": {
    "a": 1.0,
    "r": 0.7169812,
    "g": 0.7169812,
    "b": 0.7169812
  },
  "name": "Soumi",
  "internalEnabled": true,
  "persistentID": 2
}