{
  "Main": {
    "a": 1.0,
    "r": 1.0,
    "g": 0.06774927,
    "b": 0.0
  },
  "Second": {
    "a": 1.0,
    "r": 1.0,
    "g": 1.0,
    "b": 1.0
  },
  "Third": {
    "a": 1.0,
    "r": 0.9056604,
    "g": 0.56396836,
    "b": 0.491278052
  },
  "DecalA": {
    "a": 1.0,
    "r": 0.8113208,
    "g": 0.616283059,
    "b": 0.179868281
  },
  "DecalB": {
    "a": 1.0,
    "r": 1.0,
    "g": 0.4484763,
    "b": 0.25
  },
  "name": "Redish",
  "internalEnabled": true,
  "persistentID": 3
}