{
  "Main": {
    "a": 1.0,
    "r": 1.0,
    "g": 1.0,
    "b": 1.0
  },
  "Second": {
    "a": 1.0,
    "r": 0.8301887,
    "g": 0.191883251,
    "b": 0.59238863
  },
  "Third": {
    "a": 1.0,
    "r": 0.405749381,
    "g": 0.434069782,
    "b": 0.8867924
  },
  "DecalA": {
    "a": 1.0,
    "r": 0.3920879,
    "g": 0.796876252,
    "b": 0.8396226
  },
  "DecalB": {
    "a": 1.0,
    "r": 0.497152,
    "g": 0.7924528,
    "b": 0.5327131
  },
  "name": "Pastell",
  "internalEnabled": true,
  "persistentID": 4
}