{
  "Main": {
    "a": 1.0,
    "r": 0.3019608,
    "g": 0.3529412,
    "b": 0.6313726
  },
  "Second": {
    "a": 1.0,
    "r": 0.20784314,
    "g": 0.172549024,
    "b": 0.403921574
  },
  "Third": {
    "a": 1.0,
    "r": 0.7921569,
    "g": 0.345098048,
    "b": 0.368627459
  },
  "DecalA": {
    "a": 1.0,
    "r": 0.3019608,
    "g": 0.3529412,
    "b": 0.6313726
  },
  "DecalB": {
    "a": 1.0,
    "r": 1.0,
    "g": 1.0,
    "b": 0.9843137
  },
  "name": "Red King",
  "internalEnabled": true,
  "persistentID": 5
}