{
  "Main": {
    "a": 1.0,
    "r": 0.0,
    "g": 0.0,
    "b": 0.0
  },
  "Second": {
    "a": 1.0,
    "r": 0.9647059,
    "g": 0.5294118,
    "b": 0.992156863
  },
  "Third": {
    "a": 1.0,
    "r": 0.368627459,
    "g": 0.992156863,
    "b": 0.992156863
  },
  "DecalA": {
    "a": 1.0,
    "r": 0.956862748,
    "g": 0.2627451,
    "b": 0.113725491
  },
  "DecalB": {
    "a": 1.0,
    "r": 0.992156863,
    "g": 1.0,
    "b": 0.113725491
  },
  "name": "Retro",
  "internalEnabled": true,
  "persistentID": 6
}