{
  "Main": {
    "a": 1.0,
    "r": 0.7019608,
    "g": 0.7176471,
    "b": 0.721568644
  },
  "Second": {
    "a": 1.0,
    "r": 0.113725491,
    "g": 0.117647059,
    "b": 0.1254902
  },
  "Third": {
    "a": 1.0,
    "r": 0.831372559,
    "g": 0.847058833,
    "b": 0.858823538
  },
  "DecalA": {
    "a": 1.0,
    "r": 0.8156863,
    "g": 0.733333349,
    "b": 0.5882353
  },
  "DecalB": {
    "a": 1.0,
    "r": 0.968627453,
    "g": 0.968627453,
    "b": 0.968627453
  },
  "name": "The moon",
  "internalEnabled": true,
  "persistentID": 7
}