{
  "Main": {
    "a": 1.0,
    "r": 0.9019608,
    "g": 0.353568643,
    "b": 0.384345949
  },
  "Second": {
    "a": 1.0,
    "r": 0.334901959,
    "g": 0.5997871,
    "b": 0.784313738
  },
  "Third": {
    "a": 1.0,
    "r": 0.406274527,
    "g": 0.6290924,
    "b": 0.784313738
  },
  "DecalA": {
    "a": 1.0,
    "r": 0.2273229,
    "g": 0.160588235,
    "b": 0.3529412
  },
  "DecalB": {
    "a": 1.0,
    "r": 0.9019608,
    "g": 0.391451,
    "b": 0.420102239
  },
  "name": "Bavarian",
  "internalEnabled": true,
  "persistentID": 8
}