{
  "Main": {
    "a": 1.0,
    "r": 0.203,
    "g": 0.161421686,
    "b": 0.0146747008
  },
  "Second": {
    "a": 1.0,
    "r": 0.65,
    "g": 0.458273351,
    "b": 0.2151079
  },
  "Third": {
    "a": 1.0,
    "r": 0.8430234,
    "g": 0.853000045,
    "b": 0.71831584
  },
  "DecalA": {
    "a": 1.0,
    "r": 0.7376707,
    "g": 0.804731667,
    "b": 0.845999956
  },
  "DecalB": {
    "a": 1.0,
    "r": 0.893,
    "g": 0.654866636,
    "b": 0.238133326
  },
  "name": "EntropyMachine",
  "internalEnabled": true,
  "persistentID": 9
}