{
  "LightColor": {
    "a": 1.0,
    "r": 0.003921569,
    "g": 0.0117647061,
    "b": 0.0156862754
  },
  "PlanetAlbedo": {
    "a": 1.0,
    "r": 0.3,
    "g": 0.270094573,
    "b": 0.249000013
  },
  "name": "Atmosphere_Dimension_boss_flash_Copy",
  "internalEnabled": true,
  "persistentID": 6
}