{
  "LightColor": {
    "a": 1.0,
    "r": 0.6603774,
    "g": 0.3991432,
    "b": 0.2772339
  },
  "PlanetAlbedo": {
    "a": 1.0,
    "r": 0.169811308,
    "g": 0.0212264135,
    "b": 0.0
  },
  "name": "Atmosphere_Dimension_Shaft_1",
  "internalEnabled": true,
  "persistentID": 8
}