{
  "LightColor": {
    "a": 1.0,
    "r": 0.4056604,
    "g": 0.32046926,
    "b": 0.1473389
  },
  "PlanetAlbedo": {
    "a": 1.0,
    "r": 0.299,
    "g": 0.165212169,
    "b": 0.104052015
  },
  "name": "Atmosphere_Dimensions_BX",
  "internalEnabled": true,
  "persistentID": 9
}