{
  "localPosHip": {
    "x": 0.18,
    "y": -0.18,
    "z": 0.35,
    "normalized": {
      "x": 0.4159141,
      "y": -0.4159141,
      "z": 0.8087218,
      "magnitude": 1.0,
      "sqrMagnitude": 1.0
    },
    "magnitude": 0.4327817,
    "sqrMagnitude": 0.1873
  },
  "localRotHip": {
    "x": 7.19,
    "y": 0.4,
    "z": -3.57,
    "normalized": {
      "x": 0.8945596,
      "y": 0.0497668758,
      "z": -0.444169343,
      "magnitude": 1.0,
      "sqrMagnitude": 1.00000012
    },
    "magnitude": 8.037475,
    "sqrMagnitude": 64.601
  },
  "SwayAmount": 1.0,
  "crouchTiltAngle": -5.0,
  "localPosRelaxed": {
    "x": 0.19,
    "y": -0.18,
    "z": 0.35,
    "normalized": {
      "x": 0.4347473,
      "y": -0.4118659,
      "z": 0.800850332,
      "magnitude": 1.0,
      "sqrMagnitude": 1.0
    },
    "magnitude": 0.437035471,
    "sqrMagnitude": 0.191
  },
  "localRotRelaxed": {
    "x": 19.0,
    "y": -5.11,
    "z": -10.42,
    "normalized": {
      "x": 0.8533932,
      "y": -0.229517862,
      "z": -0.4680188,
      "magnitude": 1.0,
      "sqrMagnitude": 1.0
    },
    "magnitude": 22.2640629,
    "sqrMagnitude": 495.6885
  },
  "localPosZoom": {
    "x": 0.1,
    "y": -0.18,
    "z": 0.25,
    "normalized": {
      "x": 0.308753759,
      "y": -0.5557568,
      "z": 0.7718844,
      "magnitude": 1.0,
      "sqrMagnitude": 1.0
    },
    "magnitude": 0.3238827,
    "sqrMagnitude": 0.1049
  },
  "localRotZoom": {
    "x": 3.09,
    "y": 2.72,
    "z": -4.11,
    "normalized": {
      "x": 0.5311929,
      "y": 0.4675873,
      "z": -0.706538141,
      "normalized": {
        "x": 0.531192958,
        "y": 0.467587322,
        "z": -0.7065382,
        "magnitude": 1.0,
        "sqrMagnitude": 1.00000012
      },
      "magnitude": 0.99999994,
      "sqrMagnitude": 0.99999994
    },
    "magnitude": 5.81709576,
    "sqrMagnitude": 33.8386
  },
  "bodyOffsetLocal": {
    "x": 0.0,
    "y": 0.1,
    "z": 0.0,
    "normalized": {
      "x": 0.0,
      "y": 1.0,
      "z": 0.0,
      "magnitude": 1.0,
      "sqrMagnitude": 1.0
    },
    "magnitude": 0.1,
    "sqrMagnitude": 0.0100000007
  },
  "bodyRotationOffsetLocal": {
    "x": 0.0,
    "y": 0.0,
    "z": 0.0,
    "magnitude": 0.0,
    "sqrMagnitude": 0.0
  },
  "ItemCameraFOVDefault": 40,
  "ItemCameraFOVZoom": 35,
  "LookCameraFOVZoom": 55,
  "canAim": true,
  "onlyStartAimOnPressed": false,
  "canRelax": true,
  "customDelayUntilRelax": 0.0,
  "allowRotToAimPos": false,
  "rotToAimPosMinDis": 1.0,
  "transitionToAim": 0,
  "RecoilAnimation": 0,
  "IdleAnimation": 20,
  "WalkAnimation": 18,
  "RunAnimation": 19,
  "JumpAnimation": 7,
  "LandAnimation": 8,
  "ChargeCancelAnimation": 0,
  "DofDefault": {
    "enabled": true,
    "focusDistance": 90.0,
    "aperture": 0.15,
    "focalLength": 1.0
  },
  "DofAim": {
    "enabled": true,
    "focusDistance": 90.0,
    "aperture": 0.15,
    "focalLength": 1.0
  },
  "name": "TripMine",
  "internalEnabled": true,
  "persistentID": 14
}