{
  "ItemPosition": {
    "X": {
      "keys": [],
      "length": 0,
      "preWrapMode": 8,
      "postWrapMode": 8
    },
    "Y": {
      "keys": [
        {
          "time": 0.0,
          "value": 0.0,
          "inTangent": -0.008023056,
          "outTangent": -0.008023056,
          "inWeight": 0.0,
          "outWeight": 0.892196238,
          "weightedMode": 0,
          "tangentMode": 0
        },
        {
          "time": 0.11083436,
          "value": -0.0496751219,
          "inTangent": 0.0,
          "outTangent": 0.0,
          "inWeight": 0.333333343,
          "outWeight": 0.333333343,
          "weightedMode": 0,
          "tangentMode": 0
        },
        {
          "time": 0.321373552,
          "value": 0.0141597874,
          "inTangent": -0.0007475083,
          "outTangent": -0.0007475083,
          "inWeight": 0.333333343,
          "outWeight": 0.118775584,
          "weightedMode": 0,
          "tangentMode": 0
        },
        {
          "time": 0.858062744,
          "value": 0.0,
          "inTangent": 0.1935336,
          "outTangent": 0.1935336,
          "inWeight": 0.110906892,
          "outWeight": 0.0,
          "weightedMode": 0,
          "tangentMode": 0
        }
      ],
      "length": 4,
      "preWrapMode": 8,
      "postWrapMode": 8
    },
    "Z": {
      "keys": [],
      "length": 0,
      "preWrapMode": 8,
      "postWrapMode": 8
    },
    "VarianceX": {
      "x": 1.0,
      "y": 1.0,
      "normalized": {
        "x": 0.707106769,
        "y": 0.707106769,
        "magnitude": 1.0,
        "sqrMagnitude": 0.99999994
      },
      "magnitude": 1.41421354,
      "sqrMagnitude": 2.0
    },
    "VarianceY": {
      "x": 1.0,
      "y": 1.0,
      "normalized": {
        "x": 0.707106769,
        "y": 0.707106769,
        "magnitude": 1.0,
        "sqrMagnitude": 0.99999994
      },
      "magnitude": 1.41421354,
      "sqrMagnitude": 2.0
    },
    "VarianceZ": {
      "x": 1.0,
      "y": 1.0,
      "normalized": {
        "x": 0.707106769,
        "y": 0.707106769,
        "magnitude": 1.0,
        "sqrMagnitude": 0.99999994
      },
      "magnitude": 1.41421354,
      "sqrMagnitude": 2.0
    }
  },
  "ItemRotation": {
    "X": {
      "keys": [
        {
          "time": 0.0,
          "value": 0.0,
          "inTangent": -0.311448336,
          "outTangent": -0.311448336,
          "inWeight": 0.0,
          "outWeight": 0.6385115,
          "weightedMode": 0,
          "tangentMode": 0
        },
        {
          "time": 0.058566317,
          "value": 7.54389572,
          "inTangent": -9.05245429E-07,
          "outTangent": -9.05245429E-07,
          "inWeight": 0.333333343,
          "outWeight": 0.10327024,
          "weightedMode": 0,
          "tangentMode": 0
        },
        {
          "time": 0.21474281,
          "value": -4.447733,
          "inTangent": 0.00502098,
          "outTangent": 0.00502098,
          "inWeight": 0.333333343,
          "outWeight": 0.144513831,
          "weightedMode": 0,
          "tangentMode": 0
        },
        {
          "time": 0.355285645,
          "value": 0.0,
          "inTangent": 1.20865285,
          "outTangent": 1.20865285,
          "inWeight": 0.261388242,
          "outWeight": 0.0,
          "weightedMode": 0,
          "tangentMode": 0
        }
      ],
      "length": 4,
      "preWrapMode": 8,
      "postWrapMode": 8
    },
    "Y": {
      "keys": [],
      "length": 0,
      "preWrapMode": 8,
      "postWrapMode": 8
    },
    "Z": {
      "keys": [
        {
          "time": 0.0,
          "value": 0.0,
          "inTangent": 68.38487,
          "outTangent": 68.38487,
          "inWeight": 0.0,
          "outWeight": 0.333333343,
          "weightedMode": 0,
          "tangentMode": 34
        },
        {
          "time": 0.116963595,
          "value": 7.998541,
          "inTangent": 0.0,
          "outTangent": 0.0,
          "inWeight": 0.333333343,
          "outWeight": 0.0895765647,
          "weightedMode": 0,
          "tangentMode": 0
        },
        {
          "time": 0.4238683,
          "value": 0.0,
          "inTangent": -0.339857668,
          "outTangent": -0.339857668,
          "inWeight": 0.09987229,
          "outWeight": 0.0,
          "weightedMode": 0,
          "tangentMode": 0
        }
      ],
      "length": 3,
      "preWrapMode": 8,
      "postWrapMode": 8
    },
    "VarianceX": {
      "x": 1.0,
      "y": 1.0,
      "normalized": {
        "x": 0.707106769,
        "y": 0.707106769,
        "magnitude": 1.0,
        "sqrMagnitude": 0.99999994
      },
      "magnitude": 1.41421354,
      "sqrMagnitude": 2.0
    },
    "VarianceY": {
      "x": 1.0,
      "y": 1.0,
      "normalized": {
        "x": 0.707106769,
        "y": 0.707106769,
        "magnitude": 1.0,
        "sqrMagnitude": 0.99999994
      },
      "magnitude": 1.41421354,
      "sqrMagnitude": 2.0
    },
    "VarianceZ": {
      "x": -1.0,
      "y": 1.0,
      "normalized": {
        "x": -0.707106769,
        "y": 0.707106769,
        "magnitude": 1.0,
        "sqrMagnitude": 0.99999994
      },
      "magnitude": 1.41421354,
      "sqrMagnitude": 2.0
    }
  },
  "CameraPosition": {
    "X": {
      "keys": [],
      "length": 0,
      "preWrapMode": 8,
      "postWrapMode": 8
    },
    "Y": {
      "keys": [],
      "length": 0,
      "preWrapMode": 8,
      "postWrapMode": 8
    },
    "Z": {
      "keys": [],
      "length": 0,
      "preWrapMode": 8,
      "postWrapMode": 8
    },
    "VarianceX": {
      "x": 1.0,
      "y": 1.0,
      "normalized": {
        "x": 0.707106769,
        "y": 0.707106769,
        "magnitude": 1.0,
        "sqrMagnitude": 0.99999994
      },
      "magnitude": 1.41421354,
      "sqrMagnitude": 2.0
    },
    "VarianceY": {
      "x": 1.0,
      "y": 1.0,
      "normalized": {
        "x": 0.707106769,
        "y": 0.707106769,
        "magnitude": 1.0,
        "sqrMagnitude": 0.99999994
      },
      "magnitude": 1.41421354,
      "sqrMagnitude": 2.0
    },
    "VarianceZ": {
      "x": 1.0,
      "y": 1.0,
      "normalized": {
        "x": 0.707106769,
        "y": 0.707106769,
        "magnitude": 1.0,
        "sqrMagnitude": 0.99999994
      },
      "magnitude": 1.41421354,
      "sqrMagnitude": 2.0
    }
  },
  "CameraRotation": {
    "X": {
      "keys": [
        {
          "time": 0.0,
          "value": 0.0,
          "inTangent": -0.008023056,
          "outTangent": -0.008023056,
          "inWeight": 0.0,
          "outWeight": 0.892196238,
          "weightedMode": 0,
          "tangentMode": 0
        },
        {
          "time": 0.145525217,
          "value": 1.99196148,
          "inTangent": 0.0,
          "outTangent": 0.0,
          "inWeight": 0.333333343,
          "outWeight": 0.333333343,
          "weightedMode": 0,
          "tangentMode": 0
        },
        {
          "time": 0.321373552,
          "value": -0.991472244,
          "inTangent": -0.0007475083,
          "outTangent": -0.0007475083,
          "inWeight": 0.333333343,
          "outWeight": 0.118775584,
          "weightedMode": 0,
          "tangentMode": 0
        },
        {
          "time": 0.858062744,
          "value": 0.0,
          "inTangent": -9.723476,
          "outTangent": -9.723476,
          "inWeight": 0.0592150278,
          "outWeight": 0.0,
          "weightedMode": 0,
          "tangentMode": 0
        }
      ],
      "length": 4,
      "preWrapMode": 8,
      "postWrapMode": 8
    },
    "Y": {
      "keys": [],
      "length": 0,
      "preWrapMode": 8,
      "postWrapMode": 8
    },